accel__standard_deviation,accel__variance,accel__root_mean_square,accel__absolute_maximum,accel__sum_values,accel__mean,accel__maximum,accel__minimum,accel__median,label
0.1287019949392622,0.016564203501345874,0.1288110053403785,0.40885,2.20407759,0.0052982634375,0.40641,-0.40885,0.0069847,1
0.11153478345421358,0.012440007920178317,0.11160060816168134,0.32747,1.5943072799999998,0.0038324694230769227,0.32747,-0.31919,0.0017056,1
0.12107986354589698,0.014660333356293033,0.12112701222175697,0.38562,1.4057928000000004,0.003379309615384616,0.38562,-0.33933,0.0032487,1
0.11891536338891659,0.014140863649918085,0.11901667788914175,0.38887,2.0424695900000005,0.004909782668269232,0.34745,-0.38887,0.00471065,1
0.10768584716037805,0.011596241678648301,0.10776123109364943,0.38952,1.6764979700000007,0.004030043197115386,0.38952,-0.32503,0.0073907999999999995,1
0.12545906789155997,0.01573997771621905,0.12556144289083135,0.39634,2.10884612,0.005069341634615384,0.34582,-0.39634,0.00536035,1
0.12723305855544645,0.016188251189373663,0.12729916817228915,0.34745,1.70646364,0.004102076057692307,0.34501,-0.34745,0.0065786,1
0.12018439084080423,0.01444428780177519,0.12026494473719268,0.37458,1.8308315900000005,0.004401037475961539,0.37458,-0.30863,0.00527915,1
0.11290198714711529,0.012746858701767385,0.11299514910506035,0.384,1.9083937999999998,0.004587485096153846,0.32455,-0.384,-0.001055855,1
0.12172036173828119,0.014815846461698026,0.12180050992852079,0.40836,1.8378424800000002,0.004417890576923078,0.37555,-0.40836,-0.000243655,1
0.10969060169212792,0.012032028099581057,0.10979404579315785,0.29336,1.9822036399999998,0.0047649125961538455,0.28215,-0.29336,0.00568525,1
0.12176943814454357,0.014827796066037822,0.12184596408005322,0.34761,1.7961807000000007,0.004317742067307694,0.34761,-0.31594,-0.0032487,1
0.11267521223821021,0.012695703452925717,0.11276455177996478,0.33169,1.86694039,0.004487837475961538,0.33169,-0.30928,-0.0051167,1
0.1063674736524988,0.011314039451215025,0.10648170333196025,0.29969,2.0512509599999995,0.00493089173076923,0.26363,-0.29969,0.00446695,1
0.11738504779104471,0.013779249444905849,0.11744528154686895,0.4363,1.5645534200000004,0.003760945721153847,0.4363,-0.32974,-0.00064974,1
0.11877309762499873,0.014107048719437477,0.11889641318525825,0.30863,2.2521069300000005,0.005413718581730771,0.29856,-0.30863,0.0089339,1
0.12314467975721295,0.015164612152506533,0.12320980163817258,0.40739,1.6662379899999995,0.004005379783653845,0.40739,-0.28784,-0.0039796499999999995,1
0.11047361893478588,0.012204420480548282,0.11059393284484641,0.40999,2.14542705,0.005157276562499999,0.40999,-0.34485,0.0026801999999999998,1
0.10621842894070815,0.011282354646632268,0.10631681496176543,0.35005,1.90228467,0.0045727996875,0.35005,-0.31772,0.00674105,1
0.12235835952760497,0.01497156814628664,0.12241558804960916,0.416,1.55697698,0.0037427331249999998,0.416,-0.30522,0.000162435,1
0.11875582695477607,0.01410294643571272,0.1188528534427359,0.35216,1.9974211200000003,0.004801493076923078,0.35021,-0.35216,0.00292385,1
0.09979691962237058,0.009959425166113896,0.09991425425608845,0.29417,2.0137596,0.00484076826923077,0.29417,-0.26737,0.0031675,1
0.12443557040418182,0.015484211181814093,0.1245199057587498,0.41681,1.9061584999999996,0.004582111778846153,0.40057,-0.41681,-0.00194925,1
0.11454880322426976,0.013121428320112474,0.1146922069604689,0.3213,2.3851721,0.005733586778846154,0.32,-0.3213,0.0049543,1
0.11568476236747902,0.013382964244020088,0.11574301167526191,0.36402,1.5273777300000004,0.0036715810817307703,0.36402,-0.34956,0.0040608499999999995,1
0.1148471408915007,0.013189865770952214,0.11494926842585561,0.36418,2.0152845399999997,0.004844433990384615,0.36418,-0.34176,0.00300505,1
0.10550683123344033,0.011131691436921661,0.10564051331362571,0.34631,2.2101550399999996,0.005312872692307692,0.34631,-0.28377,0.01202,1
0.10815048778848771,0.01169652800888783,0.10826340374844812,0.33088,2.05642826,0.0049433371634615385,0.33088,-0.32016,0.0118575,1
0.12078792532968148,0.014589722905448708,0.12088007445236021,0.33121,1.9631275000000004,0.004719056490384616,0.33121,-0.30652,0.0078781,1
0.10494670985848216,0.011013811910120437,0.10504182185208305,0.29661,1.8591257300000001,0.004469052235576924,0.29661,-0.28345,0.0060913,1
0.11402043433653339,0.013000659446291722,0.11412220250675323,0.40722,2.0044837600000003,0.004818470576923078,0.40722,-0.31642,0.00259895,1
0.12927106530207355,0.016711008324332963,0.12938462929130531,0.42071,2.25462684,0.005419776057692307,0.38578,-0.42071,0.00357355,1
0.10900055976132009,0.011881122028281113,0.10909902551677961,0.384,1.9278061400000002,0.004634149375,0.33218,-0.384,0.0071471,1
0.12366354026806421,0.015292671191631139,0.12376047255978899,0.39033,2.03726955,0.004897282572115385,0.35248,-0.39033,0.0064974,1
0.10820585744260408,0.011708507584889156,0.1083153792669836,0.3645,2.02578763,0.004869681802884615,0.33137,-0.3645,0.0037359999999999997,1
0.11937210616461896,0.01424969973017706,0.11944462658321943,0.39845,1.7312343400000003,0.004161621009615386,0.39845,-0.31155,0.00316745,1
0.12235243716692727,0.014970118880686886,0.12246881688041146,0.44377,2.22052942,0.005337811105769231,0.44377,-0.3775,0.0032487,1
0.12401556016698814,0.015379859163531857,0.1240958879084762,0.41616,1.8571608099999999,0.004464328870192307,0.41616,-0.36418,0.0014619,1
0.10986214110725784,0.012069690048671033,0.10999268259244417,0.35492,2.22861785,0.005357254447115384,0.35492,-0.30115,-8.122000000000001e-05,1
0.11797291011146159,0.013917607520166995,0.11805811662470544,0.39309,1.86558171,0.004484571418269231,0.34972,-0.39309,0.0077157,1
0.12120711263002083,0.014691164152106556,0.12128926899795213,0.35638,1.8568062000000003,0.004463476442307693,0.35638,-0.33397,0.0107205,1
0.11181573192492525,0.012502757905906749,0.11195476516366326,0.37555,2.32035302,0.0055777716826923085,0.37555,-0.33397,0.0060913,1
0.12674293980079224,0.016063772789347248,0.12681667856564602,0.45401,1.7987934800000005,0.004324022788461539,0.45401,-0.34907,-0.0017868,1
0.11680788430086406,0.013644081834844045,0.11687324799683,0.38318,1.6258237199999996,0.003908230096153846,0.3364,-0.38318,0.00625375,1
0.1042726233530158,0.010872779980919896,0.1043834488856498,0.29742,2.0004548700000004,0.004808785745192308,0.29742,-0.27338,0.00836545,1
0.11183834256459936,0.012507814867596678,0.11186754972047376,0.36012,1.06335108,0.0025561324038461536,0.36012,-0.27988,0.0098271,1
0.10413313550090658,0.010843709909250172,0.10432705598121803,0.34176,2.64494555,0.0063580421875,0.34176,-0.30294,0.0064974,1
0.11716522186386723,0.01372768921440923,0.11721615957628034,0.39342,1.4373899500000002,0.003455264302884616,0.35914,-0.39342,0.0008934,1
0.12351975027026436,0.015257128706828474,0.12360226644991167,0.39585,1.87853204,0.00451570201923077,0.39585,-0.32698,0.00300505,1
0.11098693523298739,0.012318099792411339,0.11110178270339431,0.33478,2.10095764,0.005050378942307692,0.33478,-0.3187,0.0055228,1
0.11721826702771644,0.013740122124981035,0.1172696205303693,0.33056,1.4435724100000005,0.003470125985576924,0.33056,-0.30652,0.00243655,1
0.10454741767023072,0.010930162541513671,0.10467916995869139,0.29352,2.1841419,0.005250341105769231,0.29352,-0.27159,0.00917755,1
0.11619081278541006,0.01350030497573421,0.11627975714548143,0.35525,1.8916314600000004,0.004547191009615386,0.34501,-0.35525,0.0026801999999999998,1
0.12061802226049216,0.014548707294032582,0.12067208541732181,0.43013,1.5024976099999998,0.003611773100961538,0.43013,-0.33949,0.001055805,1
0.11821852324374159,0.013975619237931069,0.11838530320446011,0.4056,2.61322104,0.006281781346153846,0.4056,-0.39147,0.005685249999999999,1
0.1068951793299408,0.011426579363980203,0.10691760479218627,0.28751,0.9109213200000001,0.002189714711538462,0.28069,-0.28751,0.00016240999999999998,1
0.11118565113024455,0.01236224901725645,0.11133192384822008,0.34777,2.37332468,0.005705107403846154,0.34664,-0.34777,0.00763445,1
0.12029037107942198,0.01446977337442504,0.12034322390019032,0.40186,1.4835614700000002,0.0035662535336538465,0.39683,-0.40186,0.0095837,1
0.11748287054735479,0.013802224872046524,0.1175563242852947,0.39179,1.7285041499999998,0.004155058052884615,0.39179,-0.31967,0.00146195,1
0.12525377563095752,0.01568850830981025,0.12535624411905658,0.44816,2.10808302,0.0050675072596153845,0.44816,-0.39862,0.00901515,1
0.11354408008720981,0.012892258122850716,0.11359503492780271,0.30635,1.41524627,0.0034020343028846154,0.30635,-0.29271,0.0033299000000000002,1
0.11810557332952595,0.013948926451496032,0.1182122862087593,0.37246,2.0890557100000002,0.005021768533653847,0.37246,-0.36824,0.0064974,1
0.12027389356084468,0.014465809472285394,0.12035367470570786,0.37847,1.8227040300000001,0.004381500072115385,0.37847,-0.3658,-0.00308625,1
0.09818402233696258,0.009640102242265167,0.0982731684249935,0.28491,1.7409185000000003,0.004184900240384616,0.26558,-0.28491,0.0073908,1
0.11931357529983994,0.014235729250830574,0.1194299103399222,0.37246,2.1923726100000005,0.005270126466346155,0.37246,-0.32828,0.0088527,1
0.12118155666822604,0.014684969676534479,0.12121956193007395,0.37084,1.2626486099999994,0.003035213004807691,0.28215,-0.37084,0.0060913,1
0.11786537886744715,0.013892247535566858,0.11797050730264759,0.41502,2.0713733100000002,0.004979262764423078,0.41502,-0.32276,0.012832,1
0.11598843929758555,0.013453318050689687,0.11610115342396586,0.37506,2.12769973,0.005114662812499999,0.37506,-0.33267,0.00657865,1
0.10449430421740116,0.010919059613878783,0.10453280027113317,0.28053,1.1800563299999995,0.0028366738701923067,0.28053,-0.27744,-0.0027614,1
0.13844858296122647,0.019168010123971607,0.13859312601088072,0.51411,2.632476579999999,0.006328068701923075,0.51411,-0.49315,0.00812175,1
0.13460690992370802,0.018119020199209242,0.13463495333996603,0.41746,1.1430891000000003,0.0027478103365384623,0.36174,-0.41746,0.004791800000000001,1
0.10818472595011833,0.011703934928902206,0.10833001535827964,0.33884,2.3332111500000003,0.005608680649038462,0.31594,-0.33884,0.0073908,1
0.12859120376080785,0.0165356976846536,0.12866254269079325,0.4095,1.7821221999999999,0.004283947596153846,0.36061,-0.4095,0.006334950000000001,1
0.11351322925904848,0.012885253216817301,0.11360695811538012,0.38416,1.9193662700000003,0.004613861225961539,0.38416,-0.25632,0.0043045,1
0.1093295193441064,0.011952943800013336,0.1094413819903579,0.38936,2.0579302599999996,0.004946947740384614,0.38936,-0.31399,0.009989850000000002,1
0.1304353755685063,0.017013387199697288,0.13049313010008687,0.40008,1.61490555,0.003881984495192308,0.40008,-0.39634,0.0092588,1
0.11058666943102287,0.012229411455846327,0.11065870299255649,0.35525,1.6607255700000003,0.003992128774038462,0.35525,-0.30392,0.00471065,1
0.11141902133069438,0.012414198314289731,0.11159047143452216,0.40365,2.5723134100000005,0.0061834456971153855,0.40365,-0.27841,0.00641615,1
0.11823954879048182,0.013980590898176732,0.1182747303592267,0.3736,1.1999954899999994,0.0028846045432692293,0.3736,-0.33104,0.0036548,1
0.12098986691946093,0.014638547897188865,0.12114365421468143,0.37945,2.5385225100000004,0.0061022175721153855,0.37945,-0.37717,0.00674105,1
0.10163777174466065,0.010330236645219738,0.10169990456125663,0.33137,1.47864112,0.0035544257692307693,0.33137,-0.31919,0.00568525,1
0.12345532244440938,0.01524121663985309,0.12355800612620149,0.38286,2.09509751,0.005036292091346154,0.37084,-0.38286,0.002192855,1
0.11149833537579903,0.012431878791574157,0.11164365858802165,0.33218,2.3689259200000006,0.005694533461538463,0.33218,-0.32666,0.00665985,1
0.11689082936053793,0.013663465988594399,0.11695881817193915,0.4056,1.6587480100000003,0.003987375024038462,0.34388,-0.4056,0.0005685250000000001,1
0.12457198441754566,0.015518179301725239,0.12468043239413147,0.40186,2.1628367799999992,0.005199126874999998,0.40186,-0.35216,0.0089339,1
0.10588391738568649,0.01121140396093888,0.10599609654559057,0.32016,2.0281236,0.004875297115384615,0.32016,-0.28816,0.00357355,1
0.11874362819078835,0.014100049235912186,0.11881248698565317,0.38221,1.6825041600000004,0.0040444811538461545,0.31772,-0.38221,0.00211165,1
0.11303577082451763,0.012777085485892872,0.11321661748492809,0.41015,2.66100177,0.006396638870192308,0.41015,-0.32471,0.0088527,1
0.12402091025568517,0.015381186180648713,0.12407775748384191,0.41973,1.5622847499999994,0.0037554921874999986,0.35947,-0.41973,0.0088527,1
0.12302235262849257,0.015134499246249173,0.12311976271406257,0.37263,2.036987,0.004896603365384615,0.37263,-0.33462,0.0036548,1
0.10814210702919878,0.011694715312714684,0.1082646216770033,0.33185,2.14201604,0.00514907701923077,0.33185,-0.26639,0.00300505,1
0.12054417294754216,0.014530897631606955,0.12061210645990854,0.48341,1.6837773099999997,0.004047541610576922,0.48341,-0.35021,0.00893395,1
0.12619003174212048,0.015923924111077372,0.12634757897579887,0.44199,2.623987459999999,0.006307662163461536,0.32195,-0.44199,0.00674105,1
0.11011741239309006,0.012125844512149864,0.11018087815700922,0.33185,1.5554951099999998,0.0037391709374999995,0.32065,-0.33185,0.00073096,1
0.1284142107039846,0.016490209510727348,0.128543875092614,0.3658,2.40123593,0.005772201754807692,0.3658,-0.36126,0.002599,1
0.11661991313985795,0.013600204140748012,0.11672426960138271,0.35508,2.0528229400000004,0.004934670528846155,0.34599,-0.35508,0.007634450000000001,1
0.12462059827903281,0.015530293515424074,0.12473315194322276,0.40235,2.20384528,0.005297705,0.38205,-0.40235,0.005604,1
0.11672003363530606,0.013623566251826978,0.11685596885335993,0.37799,2.3440854300000002,0.0056348207451923085,0.33315,-0.37799,0.00479185,1
0.10575395898460396,0.011183899840917298,0.10584570398092345,0.31366,1.83291367,0.004406042475961538,0.30765,-0.31366,0.009340000000000001,1
0.11661213926237747,0.013598391023348118,0.11668113916694874,0.33835,1.66904747,0.004012133341346154,0.33835,-0.29108,0.00332995,1
0.10539653694630388,0.0111084300002736,0.10554753628209844,0.33754,2.34781846,0.005643794375,0.32796,-0.33754,0.0031675,1
0.12534210644412475,0.015710643647850298,0.12539053209422313,0.40008,1.4495609999999999,0.0034845216346153845,0.39033,-0.40008,0.0108015,1
0.13496093195699746,0.0182144531547013,0.1351197595427369,0.38188,2.7246019699999993,0.006549523966346152,0.38188,-0.35086,0.001137055,1
0.11355282820866379,0.01289424479418631,0.11361645019659833,0.37555,1.5815092900000005,0.003801705024038463,0.37555,-0.29791,0.00024364499999999996,1
0.1180177818626012,0.013928196835768522,0.1181381397202723,0.36158,2.21783879,0.005331343245192308,0.36158,-0.29547,0.00779685,1
0.10707902213500121,0.011465916981388082,0.10723058992610582,0.33072,2.3709239099999992,0.005699336322115383,0.33072,-0.26298,0.007796900000000001,1
0.12162914060563589,0.014793647844465543,0.12170115452213345,0.3559,1.7414043999999997,0.004186068269230769,0.3559,-0.35021,0.001461905,1
0.12500765999157032,0.01562691505656805,0.12513058503024388,0.38595,2.306766079999999,0.005545110769230767,0.38595,-0.36678,0.0021929000000000002,1
0.11732158967417469,0.013764355403675415,0.11739863784588044,0.40186,1.7690893099999994,0.004252618533653845,0.38984,-0.40186,8.122e-05,1
0.11232746056602913,0.012617458397212828,0.11242400927759442,0.3559,1.93783967,0.0046582684375,0.3559,-0.29173,0.0017056,1
0.11183315856379974,0.012506655354355975,0.11201553074104233,0.36239,2.65796893,0.006389348389423077,0.36239,-0.32991,0.0050355,1
0.11570496236799628,0.013387638316579435,0.11577133055096812,0.34241,1.6305215900000003,0.003919523052884616,0.34241,-0.31919,0.00471065,1
0.13081765024180633,0.01711325761478757,0.1308993569685643,0.41941,1.92370383,0.004624288052884616,0.3736,-0.41941,0.00186805,1
0.11474253767808008,0.013165849952805628,0.11486939797837897,0.3814,2.2451917000000003,0.005397095432692308,0.3814,-0.34404,0.0073907999999999995,1
0.12842420373747207,0.016492776105603738,0.12847282155126377,0.36678,1.4701802399999995,0.003534087115384614,0.36678,-0.34388,0.0064162,1
0.11076755043094602,0.01226945022847217,0.11094452073725897,0.31009,2.6057827300000005,0.006263900793269232,0.31009,-0.30879,0.00869025,1
0.11734084793257687,0.01376887459353613,0.11739678794123613,0.35525,1.5074605600000002,0.0036237032692307694,0.35525,-0.30229,0.0038172500000000003,1
0.11432375360711149,0.013069920638819536,0.11443030612066885,0.35281,2.0538067899999994,0.004937035552884614,0.35281,-0.35281,0.010152350000000001,1
0.12159244395051003,0.014784722425857924,0.12168325936533224,0.3533,1.9553408999999995,0.004700338701923075,0.32113,-0.3533,0.00527915,1
0.12723661316417548,0.016189155729490035,0.1273366621790951,0.38124,2.09945294,0.005046761875,0.38124,-0.36061,0.00527915,1
0.10572123969351636,0.011176980522333941,0.1058063414638276,0.30002,1.7650057699999995,0.004242802331730768,0.30002,-0.25973,0.0036548,1
0.11842150964328044,0.014023653946193562,0.11852776023656511,0.39391,2.08730878,0.005017569182692307,0.39391,-0.28053,0.0041421,1
0.11565323490325417,0.013375670743587288,0.11570318411057343,0.34063,1.4141595400000002,0.0033994219711538467,0.34063,-0.33754,0.006172499999999999,1
0.11781271025341881,0.013879834697256014,0.1179471451495127,0.35476,2.3419858499999995,0.005629773677884614,0.35476,-0.30587,0.0022741,1
0.12720038283481935,0.016179937393324604,0.12725995410016563,0.40593,1.6196523000000003,0.0038933949519230774,0.40593,-0.35931,0.0077157,1
0.11311890234577525,0.012795886067913036,0.11323680057952366,0.38692,2.1490311000000006,0.0051659401442307705,0.35752,-0.38692,0.00048731,1
0.11827787277639303,0.013989655188508613,0.11836019817534034,0.44913,1.8361263399999996,0.004413765240384614,0.43256,-0.44913,0.0014619400000000001,1
0.11367392757887407,0.012921761811207107,0.11377764180618538,0.37701,2.0204912200000003,0.004856950048076924,0.37701,-0.34436,0.0036548,1
0.12570488887302025,0.01580171908657837,0.12579025226721882,0.4272,1.9274981399999995,0.004633408990384614,0.40787,-0.4272,0.0083654,1
0.12064540212457686,0.014555313053800855,0.12070694054453851,0.37279,1.6032168199999997,0.0038538865865384605,0.37279,-0.3481,0.005847649999999999,1
0.104320785110777,0.010882826206128913,0.10442681855299214,0.36158,1.9571563,0.004704702644230769,0.35703,-0.36158,0.0091776,1
0.12015227903775985,0.014436570157967706,0.12021472639056842,0.38757,1.6117132399999998,0.0038743106730769225,0.38757,-0.36142,0.00308625,1
0.12447676113840395,0.01549446406350727,0.12456764107239021,0.36353,1.9790908199999997,0.00475742985576923,0.36353,-0.30749,0.00129945,1
0.11129022972562962,0.012385515232383413,0.11138020608446314,0.29401,1.8620391900000004,0.0044760557451923085,0.29401,-0.28995,8.1195e-05,1
0.11526782864635343,0.013286672320845098,0.1153542747485519,0.35784,1.8574473099999995,0.004465017572115384,0.35784,-0.29466,0.0110455,1
0.11470729538413595,0.013157763614343416,0.11480352234822352,0.35443,1.95498443,0.004699481802884616,0.35443,-0.34144,-0.0013807200000000002,1
0.10970554575145035,0.012035306768623565,0.1098055344037994,0.32617,1.94893301,0.004684935120192308,0.32617,-0.3239,-0.0024365,1
0.11873705207527634,0.014098487535526885,0.11880483894414572,0.33413,1.6693070299999997,0.004012757283653846,0.32666,-0.33413,0.00804055,1
0.12590895347881662,0.015853064566130805,0.12604388217169177,0.40073,2.42552141,0.0058305803125,0.40073,-0.35297,0.0032487,1
0.1294832824809148,0.01676592044203238,0.12951993769610692,0.35898,1.2817809099999997,0.0030812041105769223,0.35898,-0.35395,0.00203045,1
0.10943535772516907,0.011976097520435722,0.1095627693867052,0.38854,2.19744554,0.005282321009615384,0.38854,-0.33462,0.005604,1
0.11508883660710878,0.013245440311577782,0.11517736153962874,0.33575,1.8781973699999999,0.004514897524038461,0.33575,-0.30002,-0.0007309700000000001,1
0.1165367977352968,0.013580825226397475,0.11660476130883124,0.39813,1.6559273600000002,0.003980594615384616,0.39813,-0.33689,-0.006172550000000001,1
0.11422966468755784,0.013048416294631899,0.1143338555226346,0.39114,2.0300725,0.004879981971153847,0.39114,-0.33104,0.0051979,1
0.1195874329883717,0.01430115412874829,0.11964805200600118,0.37539,1.58420207,0.0038081780528846153,0.37539,-0.27695,-0.0006497650000000001,1
0.11911406826794717,0.01418816125934118,0.11916417089329434,0.38497,1.43736069,0.0034551939663461538,0.38497,-0.38026,-0.0014619,1
0.11038998680234,0.012185949186220799,0.11054263930841966,0.31561,2.4158792699999996,0.005807402091346153,0.31561,-0.30505,0.00909635,1
0.12230430773457779,0.014958343690434306,0.12234290802667347,0.46245,1.2783764600000005,0.0030730203365384626,0.40511,-0.46245,0.0037359999999999997,1
0.11371576036187686,0.012931274154679805,0.11386090069732095,0.32763,2.39084407,0.005747221322115385,0.32763,-0.32357,0.0055228,1
0.11332008564586558,0.012841441810786312,0.11337253583544245,0.33364,1.4344504599999996,0.003448198221153845,0.33364,-0.27923,0.00064972,1
0.13076036345116035,0.017098272649879554,0.1308565533580431,0.46083,2.086848850000001,0.005016463581730772,0.37961,-0.46083,0.00804055,1
0.1105100111918327,0.012212462573618986,0.11061260398377387,0.40138,1.9813825599999997,0.004762938846153845,0.40138,-0.39894,-0.0031675,1
0.11030045270691338,0.012166189867350036,0.11036316554296334,0.39797,1.5475223100000002,0.003720005552884616,0.39797,-0.3174,0.0017056,1
0.11144754857691869,0.01242055608380465,0.11154845185366642,0.30424,1.9733062999999995,0.0047435247596153834,0.29791,-0.30424,0.007959299999999999,1
0.11557382125173377,0.013357308158727708,0.11564360570243325,0.32503,1.6710249899999994,0.004016886995192306,0.3122,-0.32503,-0.0017868,1
0.10923588711513876,0.01193247903383134,0.1092856055546507,0.36077,1.3711947899999997,0.0032961413221153837,0.36077,-0.33624,0.0092588,1
0.13183142754028315,0.01737952528730893,0.13192636206749012,0.41226,2.08165174,0.0050039705288461534,0.41226,-0.39326,0.00706595,1
0.11524186894005646,0.01328068835679715,0.11530445145811988,0.37425,1.5801522899999996,0.0037984430048076914,0.37425,-0.33851,0.0038172,1
0.11460066651101529,0.013133312764768942,0.11472488967749031,0.38335,2.22034702,0.005337372644230769,0.38335,-0.31041,0.0029238500000000004,1
0.1134369744829733,0.012867947179850736,0.1135071681012278,0.34063,1.6603575999999998,0.00399124423076923,0.30522,-0.34063,0.0043857,1
0.11475766630337665,0.013169321975397148,0.11482677415202348,0.37068,1.65702188,0.003983225673076923,0.31025,-0.37068,-0.00032487,1
0.12423660612726166,0.01543473430202035,0.12436737213183985,0.39748,2.3718913699999997,0.005701661947115384,0.37847,-0.39748,0.005847649999999999,1
0.1273683389779448,0.016222693774000655,0.12741355072304725,0.42834,1.4118977400000001,0.0033939849519230773,0.38725,-0.42834,0.005604,1
0.12630401076147385,0.0159527031344345,0.12640056328618385,0.39504,2.05485745,0.004939561177884615,0.39504,-0.29222,0.00495425,1
0.11423700381020183,0.013050093039532067,0.11430783275038849,0.33267,1.67372618,0.004023380240384616,0.33267,-0.32796,-0.00064974,1
0.10162258385531649,0.010327149549430831,0.1016880054900154,0.37669,1.5171692300000004,0.0036470414182692315,0.3239,-0.37669,0.00040609,1
0.12271891438056269,0.015059931946743876,0.12285843550548035,0.4441,2.4350476799999994,0.005853479999999999,0.4441,-0.35118,0.00357355,1
0.11897642514582964,0.014155389740481203,0.1190200456990975,0.34664,1.34036838,0.0032220393749999997,0.33413,-0.34664,0.0064974,1
0.10633938602136565,0.011308065019401018,0.10640850726779691,0.30392,1.59526099,0.003834761995192308,0.30392,-0.29726,0.0064974,1
0.11980006267329296,0.014352055016524923,0.11990906536184794,0.44962,2.12644533,0.005111647427884615,0.44962,-0.36239,0.0017868,1
0.11358650309229575,0.012901893684736111,0.11362437047747914,0.38741,1.2202267599999996,0.002933237403846153,0.38741,-0.30749,0.001218255,1
0.11941298632011359,0.014259461301887636,0.1195668075022318,0.30863,2.5222143599999995,0.006063015288461537,0.30863,-0.28605,0.00081218,1
0.12389683685322828,0.015350426182235465,0.12394958749508635,0.36873,1.5041755799999998,0.0036158066826923073,0.36873,-0.36678,0.00040609,1
0.1155801786395481,0.013358777694349852,0.11565841764414053,0.33185,1.76943719,0.004253454783653846,0.33185,-0.29336,0.00064972,1
0.1142735821553848,0.013058451578623481,0.11436112439860782,0.3978,1.8611151500000003,0.0044738344951923085,0.3978,-0.34956,0.0060101,1
0.12742558202978777,0.016237278955630173,0.12747368824408822,0.40024,1.4567271599999998,0.00350174798076923,0.40024,-0.34128,-0.00487305,1
0.1082770766459775,0.011723925326998886,0.108376442280888,0.30115,1.9301644399999998,0.0046398183653846145,0.29092,-0.30115,0.00251775,1
0.11178670248550569,0.012496266852582963,0.11187172970708932,0.36727,1.8141156200000004,0.0043608548557692315,0.36727,-0.3174,0.000893395,1
0.11532188798222914,0.013299137847785806,0.11538212162699538,0.4095,1.5507452999999998,0.0037277531249999994,0.4095,-0.3364,0.00536035,1
0.12057192345410453,0.014537588725422441,0.12067858659126471,0.35622,2.11025349,0.005072724735576923,0.35622,-0.31642,0.005685249999999999,1
0.11624744592284943,0.013513468683585802,0.11629119012458075,0.36012,1.3267867900000003,0.0031893913221153853,0.35671,-0.36012,0.000649745,1
0.11233720727563619,0.012619648138489249,0.11246220972233063,0.40333,2.2052111400000003,0.005300988317307693,0.40333,-0.37571,-0.00073098,1
0.11309726177016673,0.012790990619909617,0.11316807860347111,0.43955,1.6652160900000004,0.004002923293269232,0.43955,-0.38367,0.0014619400000000001,1
0.11100060614092157,0.012321134563651996,0.11107244644279995,0.33039,1.66159561,0.003994220216346154,0.33039,-0.33039,0.0048731,1
0.10593473501485268,0.011222168082667053,0.10603642409571239,0.38497,1.9313851100000006,0.0046427526682692325,0.38497,-0.35427,0.00259895,1
0.12275848579030252,0.015069645833527904,0.1228105936326234,0.38253,1.48809863,0.003577160168269231,0.33267,-0.38253,0.00032487,1
0.12302566894491157,0.01513531521934298,0.12311178736446036,0.32666,1.9152709000000006,0.004604016586538463,0.32666,-0.31951,0.009177600000000001,1
0.11699646597139375,0.013688173049795497,0.11705843173781356,0.37717,1.5842660299999998,0.003808331802884615,0.33657,-0.37717,0.00308625,1
0.1203948932438097,0.014494930319188333,0.12046140690632434,0.46424,1.6650518700000003,0.004002528533653847,0.46424,-0.35102,0.0076345,1
0.12260830161195337,0.015032795624167726,0.12270621886757636,0.44507,2.0388467099999996,0.004901073822115383,0.44507,-0.33072,0.0055228,1
0.1165033038238957,0.013573019801882951,0.11655405953556497,0.32698,1.4307613700000006,0.0034393302163461554,0.30879,-0.32698,0.0046294000000000005,1
0.14253319258544597,0.02031571098859983,0.14262865509413847,0.4592,2.17047837,0.005217496081730769,0.4592,-0.41973,0.0077969,1
0.11791444471900797,0.013903816273391986,0.11799216219949357,0.39504,1.7812412299999996,0.004281829879807691,0.39504,-0.34014,0.005928849999999999,1
0.11587976040861236,0.013428118872357406,0.11594526696936495,0.3645,1.6211227099999994,0.0038969295913461525,0.3645,-0.30473,0.00064972,1
0.12387841628644475,0.0153458620216377,0.12398580821701452,0.41323,2.1462785200000005,0.005159323365384617,0.41323,-0.30164,0.00357355,1
0.10990379317872645,0.01207884375507228,0.10995162270480027,0.4311,1.3489937999999995,0.0032427735576923064,0.27029,-0.4311,0.0029238000000000003,1
0.10964812715273888,0.012022711788103192,0.10976391563935249,0.33348,2.09679634,0.005040375817307693,0.33348,-0.31626,0.0049543,1
0.12420182625526484,0.015426093645142995,0.12427884885207953,0.36369,1.819905,0.004374771634615385,0.36369,-0.35622,0.006334950000000001,1
0.11147561572174018,0.012426812900541087,0.11154015144402721,0.28784,1.5781969599999996,0.0037937426923076913,0.27484,-0.28784,0.00064974,1
0.10483052827032549,0.01098943965743551,0.10491832398412983,0.30359,1.7851708400000004,0.0042912760576923085,0.30359,-0.26932,0.0102332,1
0.12119020026512306,0.014687064640300635,0.12126108557096117,0.37701,1.7245813499999998,0.004145628245192308,0.37701,-0.35687,0.00641615,1
0.13300362244862968,0.017689963584457628,0.1330463192308285,0.49803,1.4020790099999996,0.003370382235576922,0.49803,-0.36402,0.0027614,1
0.10560576683688942,0.011152577989207454,0.10575155208303595,0.29385,2.30918519,0.0055509259375,0.29385,-0.27955,0.00089337,1
0.12119693608403959,0.014688697316158777,0.12123783148241948,0.41064,1.3098694200000007,0.003148724567307694,0.33056,-0.41064,0.00186805,1
0.14044261060924126,0.01972412687473897,0.14054549128498545,0.4467,2.23668178,0.00537663889423077,0.41177,-0.4467,0.014213,1
0.10589075927634603,0.011212852900121063,0.10595926205259214,0.30538,1.5847533299999998,0.0038095031971153845,0.30538,-0.30457,0.002599,1
0.10899909321768561,0.011880802322277716,0.10909187334878097,0.33121,1.8712838100000002,0.004498278389423078,0.33121,-0.31902,0.00836545,1
0.11760772894468502,0.013831577907526501,0.11771539809592702,0.39943,2.0939739799999995,0.005033591298076922,0.3952,-0.39943,0.0022741,1
0.11489414797891137,0.013200665239799984,0.11494963448104856,0.32,1.4856051100000003,0.003571166129807693,0.31106,-0.32,0.0042233,1
0.11601184121197029,0.013458747301391408,0.11607925117808984,0.35395,1.64544974,0.003955408028846154,0.35395,-0.29141,0.000243655,1
0.12107535714275576,0.014659242107245857,0.12116281757904773,0.41925,1.9147868800000003,0.004602853076923078,0.41925,-0.31415,0.007796900000000001,1
0.12273578509143349,0.015064072942010547,0.1227640224767569,0.37685,1.0952951100000001,0.0026329209375000003,0.37685,-0.37587,-0.0068223,1
0.10525791961306248,0.011079229641269924,0.10539313735694744,0.339,2.22019947,0.005337017956730769,0.339,-0.32016,0.00682225,1
0.12221551255606275,0.01493663150934113,0.12227336725899922,0.38465,1.56455999,0.003760961514423077,0.38465,-0.35411,0.0084466,1
0.12477385534951328,0.015568514978781265,0.12486801757399389,0.3991,2.01692803,0.0048483846874999995,0.37961,-0.3991,-0.00243655,1
0.11977876883941112,0.014346953464685085,0.11987911016971935,0.38253,2.03999505,0.0049038342548076925,0.37652,-0.38253,-0.000243655,1
0.1215538085405476,0.014775328370712104,0.12160212203382674,0.32828,1.4258373400000002,0.003427493605769231,0.31691,-0.32828,-0.000324875,1
0.11982660670824057,0.014358415675211362,0.11994340812195331,0.371,2.20148036,0.005292020096153847,0.31431,-0.371,0.0073908,1
0.11647942697094973,0.013567456907480811,0.11652449527471406,0.39309,1.3480641299999996,0.0032405387740384603,0.39309,-0.371,0.0023553,1
0.10327777617346362,0.010666299051336049,0.10340188556979414,0.3213,2.10690296,0.005064670576923077,0.26672,-0.3213,0.00998975,1
0.11794628467678606,0.013911326069057458,0.11801067012942514,0.36028,1.6214501399999997,0.003897716682692307,0.32682,-0.36028,0.0019492,1
0.13719455422333915,0.018822345708540748,0.13724417020624996,0.44264,1.5350652000000002,0.0036900605769230777,0.44264,-0.43273,0.0134825,1
0.12668095332399598,0.016048063935076448,0.12678887447842774,0.37782,2.1757538300000006,0.00523017747596154,0.34355,-0.37782,0.013157499999999999,1
0.12059560335347914,0.01454329954818967,0.12066160159093378,0.37523,1.6599677300000004,0.003990307043269232,0.35086,-0.37523,0.0042233,1
0.10550005091816023,0.011130260743734402,0.10557039320643792,0.33234,1.6029326999999995,0.00385320360576923,0.31188,-0.33234,-0.0017868,1
0.12388367292510222,0.015347164417413703,0.12399563986395434,0.44946,2.19158528,0.005268233846153846,0.4298,-0.44946,0.005604,1
0.15564349761188986,0.024224898348862364,0.15566499528968913,0.47009,1.07617919,0.002586969206730769,0.47009,-0.44978,0.0067411,1
0.1241396093880994,0.015410642619029895,0.12427729807977195,0.38611,2.4329492100000003,0.005848435600961539,0.38611,-0.3429,0.00511675,1
0.12165069574863863,0.014798891776127844,0.1216951526527128,0.32812,1.3682797799999997,0.003289134086538461,0.307,-0.32812,0.00268015,1
0.11063170909726401,0.01223937505778165,0.11077877176424955,0.39618,2.37379733,0.005706243581730769,0.39618,-0.27338,0.00259895,1
0.1240621948763587,0.015391428197539601,0.12411238454542302,0.4657,1.4681794599999995,0.003529277548076922,0.4657,-0.40593,-0.0038172500000000003,1
0.11012023185394862,0.0121264654635674,0.11021283876099855,0.32276,1.87912151,0.004517119014423077,0.31821,-0.32276,0.00357355,1
0.11244061260699009,0.01264289136343522,0.11250211554066701,0.36467,1.5473096200000003,0.0037194942788461543,0.27565,-0.36467,0.00235535,1
0.119043736452588,0.014171411188593231,0.1191376845809432,0.38627,1.9678470399999997,0.004730401538461538,0.34989,-0.38627,-0.0021929000000000002,1
0.12712994955196683,0.016162024073085632,0.12717622100651405,0.35395,1.4270144000000002,0.0034303230769230776,0.34517,-0.35395,-0.00251775,1
0.12230341962765111,0.014958126452617314,0.122416083139917,0.36613,2.1843350999999993,0.0052508055288461525,0.35183,-0.36613,0.00438575,1
0.11322145360698421,0.012819097556878477,0.11328493384320372,0.30976,1.5774399099999998,0.0037919228605769227,0.30976,-0.29498,0.00844665,1
0.11585205134969427,0.013421697801932198,0.11592975918338508,0.34859,1.7654905899999997,0.0042439677644230765,0.34859,-0.28166,0.000324845,1
0.12856669277279412,0.016529394490534033,0.12866510442509857,0.4108,2.0930467000000004,0.005031362259615386,0.3952,-0.4108,0.00251775,1
0.11407032352711664,0.01301203870958106,0.1141202582949006,0.46473,1.4042476499999994,0.0033755953124999984,0.46473,-0.29401,0.011533,1
0.1199770642402277,0.014394495943703723,0.12007052031437927,0.4285,1.9703608400000006,0.004736444326923078,0.4285,-0.33039,0.0010558199999999998,1
0.11641246185865599,0.013551861275993034,0.11648670927364618,0.34225,1.7298879399999998,0.004158384471153845,0.34225,-0.32406,-0.00073096,1
0.12159308846637443,0.014784879162791559,0.12165657035103174,0.38059,1.63472369,0.003929624254807692,0.36922,-0.38059,0.0043857,1
0.10881387531954216,0.011840459462056866,0.10889936426866842,0.35167,1.79469536,0.004314171538461539,0.35167,-0.28134,0.0026801999999999998,1
0.12194616383404103,0.014870866873838777,0.12201435002725729,0.33072,1.6966853999999996,0.0040785706730769224,0.33072,-0.31837,0.0054415999999999996,1
0.128676036660219,0.01655752241058203,0.1287521292841606,0.4428,1.8411647099999995,0.004425876706730768,0.35979,-0.4428,-0.0041421,1
0.11544573895418067,0.013327718642676827,0.1155491809086486,0.33299,2.0334940400000003,0.004888206826923078,0.33299,-0.32211,0.00397965,1
0.11817767934504383,0.01396596389538,0.11824096547363155,0.34241,1.6091200900000002,0.0038680771394230774,0.34241,-0.2841,0.000324845,1
0.10732383436604748,0.011518405423030793,0.10747249162547365,0.31886,2.35071412,0.0056507550961538465,0.31886,-0.29449,-0.00219285,1
0.11608101419002115,0.013474801855383892,0.11611254130078154,0.35784,1.1255388700000002,0.0027056222836538465,0.32633,-0.35784,0.0022741050000000002,1
0.1279515136776507,0.016371589852402033,0.12809152662846682,0.43939,2.4907717,0.005987431971153845,0.43939,-0.39699,0.00844665,1
0.12102887974546325,0.014647989732441805,0.12105773850525646,0.39228,1.0995565100000007,0.0026431646875000017,0.39228,-0.34907,0.0046294000000000005,1
0.11615430033125121,0.013491821485442505,0.11627452598521705,0.384,2.19905909,0.005286199735576923,0.31334,-0.384,0.00438575,1
0.11784474136988923,0.013887383068536084,0.11789840808898042,0.31659,1.4796717899999996,0.003556903341346153,0.31659,-0.30229,0.0016244,1
0.1240202905684789,0.015381032472689935,0.12408337707161715,0.41064,1.6458041399999994,0.003956259951923075,0.41064,-0.29125,0.0014619199999999998,1
0.1121477713218611,0.01257712261246045,0.1122251243955901,0.33624,1.7330748299999996,0.004166045264423076,0.33462,-0.33624,-0.000162435,1
0.11855084129121729,0.014054301970855389,0.1186380703018336,0.39634,1.8922172399999995,0.0045485991346153835,0.28166,-0.39634,0.001137055,1
0.12580673080165125,0.015827333514999146,0.1258489824524365,0.35947,1.3564961600000005,0.003260808076923078,0.34891,-0.35947,0.0060101,1
0.1059199137784361,0.011219028134831336,0.10607996133284055,0.30587,2.42317988,0.005824951634615385,0.28784,-0.30587,0.0082842,1
0.12145103080348392,0.014750352883228799,0.12148570516409248,0.39455,1.2073805000000002,0.0029023569711538466,0.37782,-0.39455,-0.00105585,1
0.1177123377570357,0.013856194460226453,0.11786152314203388,0.39228,2.46615302,0.005928252451923077,0.38708,-0.39228,0.0022741,1
0.1168854052202922,0.013662197953511911,0.11694060966804573,0.32747,1.4946062000000004,0.0035928033653846165,0.32747,-0.27549,0.00162435,1
0.11468036939359474,0.013151587124251341,0.11475466657581881,0.36028,1.7175499299999997,0.00412872579326923,0.32796,-0.36028,0.005604,1
0.11207438991653434,0.012560668875163376,0.1121869639002758,0.34956,2.0902082999999996,0.005024539182692306,0.34956,-0.34111,0.001380705,1
0.12275312580466388,0.015068329894815637,0.12280268779978706,0.3645,1.4512519999999995,0.003488586538461537,0.3645,-0.3005,-0.0069035,1
0.11556017600613486,0.013354154278568868,0.11564898199683013,0.38367,1.8850244100000002,0.004531308677884616,0.38367,-0.28897,0.012182499999999999,1
0.11620552683945175,0.01350372446803454,0.11628239301618863,0.35216,1.7585761000000004,0.00422734639423077,0.35216,-0.27013,0.009340049999999999,1
0.13173511339452104,0.017354140101067318,0.1317988419502774,0.57632,1.7048205,0.004098126201923077,0.57632,-0.4748,0.00381725,1
0.1115483847548563,0.012443042141417457,0.11162429490717278,0.31074,1.7122366000000002,0.004115953365384616,0.31074,-0.26786,0.00308625,1
0.12582067626276888,0.01583084257522049,0.1259264587514654,0.43127,2.14675503,0.005160468822115385,0.43127,-0.36743,0.006172550000000001,1
0.1221235968193951,0.014914172900106168,0.12218887829564137,0.39033,1.6613499999999997,0.0039936298076923065,0.38627,-0.39033,0.0013807200000000002,1
0.11889325712334523,0.01413560658939788,0.11903918543908183,0.42802,2.4512632099999996,0.005892459639423076,0.42802,-0.37311,0.00665985,1
0.11273961708335303,0.012710221260101066,0.11280119117156995,0.35427,1.5502612500000004,0.0037265895432692315,0.31919,-0.35427,0.0013807,1
0.1213902258666772,0.014735586935962906,0.12151480412790473,0.37912,2.2884040999999997,0.005500971394230768,0.37912,-0.34566,0.00357355,1
0.12523859169907706,0.015684704850768134,0.12529312047624333,0.48065,1.5375794399999991,0.003696104423076921,0.41843,-0.48065,0.0038984,1
0.12160500265695164,0.014787776671197213,0.12168714921864696,0.39293,1.85973933,0.004470527235576923,0.39293,-0.35411,0.011289500000000001,1
0.11537215558937801,0.013310734285339647,0.11545548583150457,0.35313,1.8244776999999996,0.004385763701923076,0.35313,-0.31642,0.0040609,1
0.11226886697758885,0.012604298492431542,0.11235892379522229,0.37782,1.8710412899999995,0.004497695408653845,0.37782,-0.36239,0.00235535,1
0.1267679101830841,0.016070103052186473,0.1268472900451972,0.35411,1.86653501,0.004486863004807692,0.32422,-0.35411,0.000243655,1
0.12245520180051185,0.01499527644800408,0.12255548980298987,0.34404,2.0621029300000004,0.0049569781971153856,0.3364,-0.34404,0.0060913,1
0.12149273732614206,0.014760485222998953,0.12152377031682539,0.43614,1.1424127300000007,0.002746184447115386,0.43614,-0.40722,0.00901515,1
0.12317128916537888,0.015171166474661381,0.12330898909186176,0.35898,2.42354603,0.005825831802884615,0.35898,-0.34647,0.012101500000000001,1
0.12161188846946931,0.014789451417110641,0.12166255377806251,0.37734,1.4604843900000004,0.003510779783653847,0.34193,-0.37734,0.002599,1
0.11556756777039803,0.013355862720365541,0.11567626378652081,0.35443,2.08562019,0.005013510072115385,0.35151,-0.35443,0.003736,1
0.10723785828245504,0.011499958249007911,0.10732569803174316,0.3005,1.8059962900000004,0.004341337235576924,0.29644,-0.3005,0.0043045,1
0.1191463131438707,0.014195843935777296,0.11920725806338424,0.40706,1.58552435,0.0038113566105769233,0.40706,-0.35849,0.00763445,1
0.11185374761792495,0.01251126085617445,0.1119596797633545,0.30473,2.0255841200000004,0.004869192596153847,0.30473,-0.29222,-0.0021117,1
0.12418146630186568,0.0154210365728814,0.12422783643758765,0.4147,1.41187563,0.0033939318028846153,0.37685,-0.4147,0.00414205,1
0.117930517980542,0.013907607071158937,0.11802964941074154,0.31642,2.01195547,0.004836431418269231,0.30619,-0.31642,0.00349235,1
0.12376134502785223,0.015316870523103083,0.12384097889796718,0.37506,1.8472241600000001,0.004440442692307692,0.37506,-0.3351,0.0028426,1
0.11399640926810797,0.012995181326021975,0.11405044656838009,0.3546,1.4603340000000002,0.00351041826923077,0.3546,-0.30067,0.00381725,1
0.11525889830734448,0.013284613639022776,0.11538901420286271,0.36012,2.278942,0.0054782259615384615,0.34842,-0.36012,0.0050355,1
0.11427318158920832,0.01305836003052018,0.11433873421294986,0.4004,1.6104149799999998,0.0038711898557692304,0.33689,-0.4004,0.0014619,1
0.14610382225320898,0.021346326876997286,0.14613105699575044,0.38725,0.6996475899999999,0.0028211596370967735,0.38725,-0.38091,-0.000243655,1
0.06723660732169451,0.004520761364131744,0.06847628214538566,0.2155,5.39582393,0.012970730600961537,0.2155,-0.19589,0.015542,0
0.06334460905725119,0.004012539496615989,0.06437206627620355,0.19652,4.76539612,0.011455279134615385,0.16794,-0.19652,0.01502,0
0.06255377612276554,0.003912974907217073,0.06417670501273785,0.17315,5.96600507,0.014341358341346153,0.17315,-0.16543,0.017524,0
0.0627196956949522,0.003933760228067405,0.06357635654129852,0.17565,4.32705761,0.01040158079326923,0.17565,-0.15229,0.0140815,0
0.06585160774448647,0.004336434242533709,0.06722941371647836,0.19464,5.63307359,0.013541042283653847,0.19464,-0.16126,0.017315,0
0.06424320074707393,0.004127188842228841,0.06511587719827966,0.21738,4.41996077,0.010624905697115385,0.21738,-0.17419,0.0130385,0
0.06989944643596863,0.004885932612054848,0.07116069860832734,0.21133,5.5487665999999995,0.01333838125,0.21133,-0.16022,0.011473500000000001,0
0.061143277563416504,0.0037385003911969924,0.06247987933137892,0.16794,5.34741957,0.012854373966346153,0.16794,-0.14561,0.0147075,0
0.06444540803199539,0.004153210616410375,0.06609320626837716,0.18024,6.10119417,0.014666332139423078,0.18024,-0.17545,0.020757499999999998,0
0.06270132502635099,0.00393145616006011,0.06429335540758539,0.20862,5.9150956400000005,0.014218979903846156,0.20862,-0.16105,0.0127255,0
0.06410818022321928,0.004109858771532764,0.06602893100824053,0.22948,6.57702392,0.015810153653846155,0.22948,-0.16877,0.018671,0
0.0680316318863975,0.004628302937126298,0.06933528761934517,0.23198,5.5669314000000005,0.013382046634615386,0.23198,-0.22676,0.017524,0
0.06224030166725139,0.003873855151630456,0.0638675801527117,0.2203,5.9593019,0.014325244951923076,0.14812,-0.2203,0.01961,0
0.06549174212100344,0.004289168286044015,0.06683001688326837,0.22614,5.5358155,0.013307248798076923,0.22614,-0.2203,0.015124499999999999,0
0.06618475693383519,0.004380422050390844,0.06755623901999519,0.20987,5.63404974,0.013543388798076924,0.20987,-0.18734,0.014394500000000001,0
0.06550064777604916,0.004290334859082054,0.0669079968297679,0.25263,5.678745600000001,0.013650830769230772,0.25263,-0.16835,0.010014,0
0.06428831350354329,0.004132987253129867,0.0656523366365512,0.17545,5.53830305,0.013313228485576922,0.17545,-0.14874,0.015646,0
0.0635594479240796,0.004039803420413786,0.06534641645818569,0.20882,6.31376075,0.015177309495192307,0.20882,-0.18817,0.019609500000000002,0
0.06297888588779814,0.0039663400676683,0.06454074471571701,0.16376,5.87087376,0.014112677307692308,0.16376,-0.15959,0.018984,0
0.06421109735916804,0.004123065024068557,0.06634695258023475,0.18296,6.9467403,0.016698894951923077,0.18296,-0.17357,0.017002,0
0.06797995456789975,0.004621274223053714,0.06997701369918086,0.28226,6.9049512,0.016598440384615384,0.1986,-0.28226,0.018671,0
0.06542988959391174,0.00428107045227148,0.06755280526324771,0.1913,6.98967957,0.016802114350961538,0.1913,-0.16856,0.017627999999999998,0
0.06461169068339741,0.004174670572967023,0.0665727382523043,0.18984,6.672345700000001,0.016039292548076924,0.18984,-0.15792,0.015229,0
0.06620536822661649,0.00438315078202188,0.06826474434672686,0.21842,6.92267672,0.016641049807692307,0.21842,-0.20027,0.018984,0
0.06339926294675843,0.0040194665421922175,0.06544965467904038,0.19881,6.761641470000001,0.016253945841346155,0.18901,-0.19881,0.0184625,0
0.06543257886859734,0.0042814223773952114,0.06718676575754373,0.19839,6.3450449,0.015252511778846154,0.19339,-0.19839,0.019818,0
0.06371141749399437,0.004059144719094051,0.06552082620931264,0.18629,6.361318079999999,0.015291629999999999,0.18629,-0.14311,0.017627999999999998,0
0.06518104705150522,0.004248568894730537,0.06700206688766762,0.19631,6.45414411,0.015514769495192307,0.19631,-0.1598,0.020966,0
0.06697764843076982,0.004486005389315803,0.06876152255920195,0.20027,6.47333422,0.015560899567307692,0.20027,-0.18108,0.019714,0
0.06263573203362566,0.003923234927388159,0.06428104999679744,0.21487,6.01142975,0.014450552283653845,0.21487,-0.20507,0.0139775,0
0.06175264850936172,0.003813389597920774,0.06327411748713888,0.19234,5.73754864,0.01379218423076923,0.19234,-0.18045,0.015542,0
0.06001024713546187,0.003601229761259209,0.06125424295170819,0.16814,5.10939658,0.012282203317307692,0.16814,-0.16084,0.014603,0
0.06448703191224998,0.004158577284851547,0.06530937973603895,0.19276,4.297861809999999,0.010331398581730766,0.18462,-0.19276,0.014186,0
0.06372941364098661,0.00406143816302397,0.06508146821096834,0.18421,5.48992887,0.01319694439903846,0.18421,-0.16335,0.01022215,0
0.06440122423446815,0.004147517682898247,0.06550275433858195,0.20549,4.976256319999999,0.011962154615384614,0.20549,-0.15166,0.0168975,0
0.06589518805022541,0.004342175808174571,0.06726330619289529,0.1767,5.61486824,0.013497279423076923,0.1767,-0.16022,0.0188795,0
0.06409069639719647,0.004107617364677614,0.06533853585802926,0.20632,5.28675124,0.012708536634615384,0.20632,-0.19964,0.0124125,0
0.06478936105499825,0.004197661305914923,0.06620777935972148,0.22301,5.6705659,0.013631168028846154,0.22301,-0.14895,0.017524,0
0.06615767146595197,0.0043768374937968365,0.0675417243948275,0.21028,5.65893105,0.013603199639423077,0.21028,-0.15125,0.009492,0
0.05864404067672262,0.003439123506893097,0.06050680096137218,0.17628,6.19755476,0.014897968173076924,0.17086,-0.17628,0.0147075,0
0.06892630442110187,0.004750835441150408,0.0703046910797752,0.19964,5.76297619,0.01385330814903846,0.19964,-0.1938,0.014603000000000001,0
0.06242836476648538,0.003897300727417353,0.06404366181234741,0.17691,5.94588861,0.014293001466346154,0.17691,-0.1452,0.019714,0
0.06796976932080093,0.00461988954152289,0.06906068389012385,0.19568,5.08624468,0.012226549711538462,0.19568,-0.18755,0.0157505,0
0.06396709846565955,0.004091789686115384,0.06559066091102211,0.18316,6.033364219999999,0.014503279374999999,0.18316,-0.17732,0.0205485,0
0.0641833148695507,0.004119497907643889,0.0658127191431637,0.23094,6.054423659999999,0.014553903028846153,0.23094,-0.18817,0.01283,0
0.06368861559257066,0.004056239756098235,0.06547124025206778,0.1817,6.312291719999999,0.015173778173076921,0.1817,-0.14728,0.015646,0
0.06185248691701857,0.0038257301378199536,0.06349795351277052,0.17753,5.97448944,0.014361753461538462,0.17753,-0.17649,0.0185665,0
0.0637362333743239,0.004062307444746279,0.0652652661516785,0.20444,5.8425052,0.014044483653846153,0.20444,-0.1815,0.013351499999999999,0
0.06547495204053469,0.004286969344710318,0.06684721938896344,0.19026,5.60568907,0.013475214110576924,0.18546,-0.19026,0.017837,0
0.0648196158095542,0.004201582593698209,0.06636957787949423,0.21008,5.9320239699999995,0.014259673004807691,0.21008,-0.18775,0.017941,0
0.06907453706797878,0.004771291671155574,0.07044598735094827,0.22322,5.75443137,0.013832767716346154,0.19109,-0.22322,0.013351,0
0.06415417968194936,0.004115758770663844,0.06590648828913687,0.19193,6.28017315,0.015096570072115385,0.19193,-0.14874,0.015020499999999999,0
0.06494412381095821,0.00421773921757307,0.06606292688632362,0.22864,5.03636841,0.012106654831730769,0.18901,-0.22864,0.012204,0
0.06504683426843778,0.004231090648345612,0.06634991235162871,0.1815,5.44340762,0.013085114471153847,0.1815,-0.1454,0.017315,0
0.06224118594724033,0.003873965228118948,0.06354226477334465,0.18608,5.32177964,0.012792739519230769,0.184,-0.18608,0.015438,0
0.06597774925615801,0.004353063396908459,0.06705609208220878,0.19172,4.982563279999999,0.011977315576923074,0.18567,-0.19172,0.01356,0
0.06121418033399298,0.003747175873962613,0.06260706374529247,0.17753,5.46321504,0.01313272846153846,0.17628,-0.17753,0.016585,0
0.06777497293144245,0.004593446955857757,0.06879991178228285,0.19234,4.9218427,0.01183135264423077,0.19234,-0.19193,0.0153335,0
0.06433996595828857,0.004139631219513732,0.06562054844787057,0.2155,5.36664442,0.012900587548076924,0.1815,-0.2155,0.013977,0
0.06479107249272802,0.004197883074757936,0.06594215815316638,0.21404,5.10317133,0.012267238774038462,0.1913,-0.21404,0.016272000000000002,0
0.06466645823804035,0.004181750821052216,0.06567918160500286,0.21863,4.7795499,0.01148930264423077,0.21341,-0.21863,0.014812,0
0.06283053393112269,0.003947675994069959,0.06367951336376618,0.18525,4.3112620800000006,0.01036361076923077,0.1671,-0.18525,0.0117865,0
0.06509665845800118,0.004237574942397657,0.06591470382488593,0.22426,4.306619540000001,0.010352450817307695,0.22426,-0.15563,0.014498500000000001,0
0.06621833545329074,0.0043848679502045415,0.06681552273053937,0.19672,3.70791438,0.008913255721153847,0.19672,-0.17232,0.00886615,0
0.06614584703859955,0.004375273080453808,0.06708335113097653,0.24971,4.649214929999999,0.011175997427884613,0.22614,-0.24971,0.010848,0
0.06792109346945893,0.004613274938086976,0.06859551790921325,0.21779,3.9916525399999996,0.00959531860576923,0.21779,-0.18671,0.010326499999999999,0
0.06533619857424434,0.004268818844133089,0.06618394571212881,0.19088,4.39260989,0.010559158389423078,0.19088,-0.18254,0.0089705,0
0.06353185174386135,0.004036296186003979,0.06431824611569914,0.2155,4.1712292699999995,0.0100269934375,0.2155,-0.16668,0.013456,0
0.06280092110728348,0.003943955691923244,0.06345621225709637,0.17106,3.78388949,0.009095888197115385,0.17106,-0.15312,0.00886615,0
0.0626649852564522,0.003926900377191371,0.0633776932867607,0.19255,3.9428292400000005,0.009477954903846154,0.19255,-0.16105,0.012517,0
0.06452814810406321,0.004163881897739916,0.06508617524509097,0.1913,3.53791578,0.008504605240384615,0.1913,-0.16001,0.010848,0
0.0639975420543965,0.004095685389004249,0.06464012137128089,0.2082,3.78216763,0.009091749110576922,0.18212,-0.2082,0.013873,0
0.06697707013532508,0.004485927923912255,0.06786091301774418,0.17816,4.54137107,0.010916757379807693,0.17816,-0.16063,0.0073015,0
0.06517125774945735,0.004247292836646204,0.06573248384082767,0.17545,3.5656465199999996,0.008571265673076922,0.17044,-0.17545,0.00678,0
0.06502342697822697,0.004228046055992815,0.06586469619478634,0.20528,4.36526838,0.01049343360576923,0.1961,-0.20528,0.015646,0
0.06371659219971203,0.004059804121544403,0.06432106988005086,0.22218,3.6597577,0.008797494471153846,0.22218,-0.17837,0.0089705,0
0.06049303756394187,0.0036594075937124823,0.06110317836652767,0.16856,3.5831781,0.008613408894230769,0.16856,-0.15938,0.009492,0
0.06652889263727317,0.00442609355554182,0.06693921928085987,0.20549,3.07855522,0.007400373125,0.20549,-0.17419,0.0050068000000000005,0
0.0666986003122994,0.004448703283619866,0.06711164817185293,0.22989,3.0927029399999997,0.007434382067307691,0.22989,-0.16814,0.0093877,0
0.06536596008042751,0.004272708737236044,0.06569030466127614,0.19276,2.7122239500000003,0.006519769110576923,0.19276,-0.18692,0.00709295,0
0.06738606248667241,0.004540881417457719,0.06784067511237231,0.20653,3.2617101300000004,0.00784064935096154,0.17586,-0.20653,0.0060498,0
0.06787804479466217,0.004607428965146165,0.06825702079073412,0.23073,2.9880247099999995,0.007182751706730768,0.23073,-0.22405,0.00990945,0
0.06468537353942769,0.0041841975499352915,0.06525560383048908,0.17649,3.5808945900000007,0.008607919687500002,0.1573,-0.17649,0.012621,0
0.06343590520523626,0.004024114069207721,0.06389847053968487,0.22364,3.19266024,0.007674664038461538,0.22364,-0.18483,0.00740585,0
0.059122307940819935,0.0034954472962491403,0.059618413771849094,0.19944,3.1928634000000002,0.007675152403846155,0.19944,-0.15417,0.0091791,0
0.06473528187161356,0.004190656718997259,0.06530124695797962,0.1961,3.5687887000000003,0.008578818990384617,0.1961,-0.17941,0.0119955,0
0.061750324902211925,0.0038131026255287344,0.06231988857571288,0.18212,3.4970209699999995,0.008406300408653845,0.17315,-0.18212,0.00886615,0
0.06433785959951831,0.0041393601778473305,0.06480023743888448,0.16501,3.21454143,0.007727263052884616,0.16501,-0.16481,0.0093877,0
0.06410500979550954,0.004109452280882374,0.06485034755867938,0.18066,4.078397839999999,0.00980384096153846,0.18066,-0.1573,0.011265,0
0.0625557911717364,0.003913227009121893,0.06341656599202969,0.18525,4.3318731999999995,0.01041315673076923,0.1696,-0.18525,0.0119955,0
0.06482809204479435,0.004202681518168329,0.06572498454703815,0.19213,4.50149822,0.010820909182692308,0.19213,-0.17586,0.013769,0
0.06051796708172886,0.0036624243397052176,0.061716077013075125,0.18963,5.0342845,0.012101645432692308,0.18963,-0.18901,0.0119955,0
0.06747854769254887,0.004553354398695592,0.06848074190369334,0.19109,4.85594455,0.011672943629807694,0.1817,-0.19109,0.013143,0
0.06515129890846866,0.004244691749460629,0.06646152789092782,0.18692,5.4628093,0.013131753125,0.18692,-0.17169,0.013769,0
0.06485873659890952,0.0042066557132067256,0.06585481535718388,0.20006,4.7467950199999995,0.011410564951923077,0.16794,-0.20006,0.014394,0
0.06544265372115096,0.004282740926066474,0.06728866419612009,0.19297,6.511740939999999,0.015653223413461537,0.18024,-0.19297,0.016585,0
0.06329790367676215,0.004006624609872659,0.06469368967979001,0.1913,5.56023917,0.01336595954326923,0.16335,-0.1913,0.015959,0
0.06528347716579204,0.00426193239085649,0.06677192760281113,0.18483,5.83228328,0.014019911730769231,0.18483,-0.16501,0.0107435,0
0.0653683804776888,0.004273025166275885,0.06674475743168808,0.20027,5.60964051,0.013484712764423078,0.20027,-0.19798,0.013873,0
0.06220250036054151,0.0038691510511031668,0.06358974056198964,0.17002,5.49535927,0.013209998245192308,0.16105,-0.17002,0.0119955,0
0.06362639879501843,0.004048318623622722,0.06489388891502071,0.19213,5.3094736099999995,0.012763157716346153,0.17357,-0.19213,0.016689,0
0.0629433222792484,0.003961861819549328,0.06468898681772264,0.20632,6.209462930000001,0.014926593581730771,0.20632,-0.17419,0.020236,0
0.06491830120436101,0.00421438583126014,0.0659876393257364,0.19506,4.921874470000001,0.011831429014423078,0.19506,-0.17607,0.014394500000000001,0
0.0650363053670939,0.004229721015801887,0.0666291264377787,0.18984,6.02438489,0.014481694447115386,0.18984,-0.17148,0.011578,0
0.05938536186128918,0.0035266212033962597,0.06068582293003636,0.20903,5.1983008,0.012495915384615384,0.20903,-0.15771,0.018254,0
0.06530729236513222,0.004265042436064857,0.0666356795522033,0.20674,5.50742765,0.013239008774038462,0.20674,-0.17649,0.013456,0
0.06339905482944917,0.004019440153267503,0.06461753308093225,0.18671,5.19559566,0.01248941264423077,0.17023,-0.18671,0.013663999999999999,0
0.06464752415603782,0.004179302379505494,0.0657024708154156,0.21028,4.87825042,0.011726563509615383,0.18671,-0.21028,0.010848,0
0.06826333837877148,0.004659883366614655,0.06938025806592482,0.25868,5.15801154,0.012399066201923077,0.25868,-0.20048,0.010639,0
0.06498988534731658,0.004223685197457353,0.06600080375412064,0.23928,4.787090040000001,0.011507427980769232,0.23928,-0.19985,0.0136645,0
0.06628890923436769,0.004394219487482236,0.06713680825585093,0.21091,4.42471366,0.010636330913461538,0.21091,-0.18108,0.011265,0
0.0608517758613453,0.0037029386254794064,0.06192786748645113,0.17691,4.78168695,0.011494439783653847,0.15709,-0.17691,0.015229,0
0.06397146206876789,0.004092347959215808,0.06518019174020814,0.2082,5.19766049,0.012494376177884615,0.2082,-0.17565,0.015959,0
0.06290014337554999,0.003956428036664745,0.0637909332443508,0.17691,4.41930503,0.010623329399038463,0.17691,-0.17461,0.009074800000000001,0
0.06555020769502207,0.00429682972886053,0.06703343536511615,0.21967,5.833674779999999,0.014023256682692305,0.21967,-0.14979,0.017523499999999997,0
0.06499299185028803,0.004224088989651606,0.06564861008526097,0.19839,3.8499899099999997,0.009254783437499999,0.18296,-0.19839,0.0107435,0
0.06728628547698802,0.004527444213290728,0.06860634385229299,0.19422,5.57170161,0.013393513485576923,0.17711,-0.19422,0.016898,0
0.062361147387774804,0.0038889127035197724,0.06325129558271335,0.1938,4.39886688,0.010574199230769231,0.18358,-0.1938,0.0121,0
0.06502202504048822,0.004227863740365877,0.0662953890701088,0.20444,5.37936212,0.012931158942307692,0.20444,-0.15125,0.012308,0
0.06474811220599078,0.004192318034239572,0.06571780320006541,0.1961,4.67905925,0.01124773858173077,0.18358,-0.1961,0.016272000000000002,0
0.06398875751500488,0.004094561088314094,0.06502735123744954,0.18108,4.815464070000001,0.011575634783653848,0.18108,-0.16794,0.01429,0
0.0601324806537985,0.003615915229579451,0.06120892285829057,0.18838,4.7543724,0.011428779807692309,0.18838,-0.16189,0.017106,0
0.0651673354893979,0.004246781614787739,0.06659614551583713,0.17086,5.70792299,0.01372096872596154,0.17086,-0.14353,0.01356,0
0.0646946857138586,0.00418540235961494,0.06576495372568684,0.20298,4.915613070000001,0.011816377572115387,0.17315,-0.20298,0.014498500000000001,0
0.0650465938328243,0.0042310593692524165,0.0668317942759826,0.21174,6.382982279999999,0.015343707403846153,0.21174,-0.17732,0.016272000000000002,0
0.0645099009905721,0.004161527325813415,0.06571359470148244,0.21049,5.208300110000001,0.0125199521875,0.21049,-0.20152,0.017941,0
0.06346176279714259,0.0040273953373207915,0.06521668324354701,0.1865,6.2513663600000005,0.015027322980769232,0.17691,-0.1865,0.018671,0
0.06477057518424924,0.004195227409698483,0.06651405062506979,0.17127,6.29373109,0.01512916127403846,0.16418,-0.17127,0.019401500000000002,0
0.062471348177866204,0.0039026693431601874,0.06420797052797012,0.21508,6.170194909999999,0.014832199302884614,0.21508,-0.17857,0.017524,0
0.0632394868262229,0.003999232694044019,0.06520387448877107,0.1815,6.60788933,0.015884349350961537,0.17837,-0.1815,0.020653,0
0.06497378765178294,0.0042215930818189805,0.06674680090856867,0.22218,6.357350459999999,0.015282092451923076,0.22218,-0.1694,0.012517,0
0.06645817985058369,0.004416689669052528,0.06797887167951548,0.19923,5.94803378,0.014298158125,0.19109,-0.19923,0.016168000000000002,0
0.06417048843046357,0.004117851585404258,0.06566291996387813,0.20069,5.79073603,0.013920038533653846,0.18233,-0.20069,0.012308,0
0.06496978150949338,0.004221072509391308,0.06622407158979665,0.21383,5.33640851,0.012827905072115385,0.21383,-0.19088,0.0185665,0
0.06305289100479586,0.003975667064062666,0.06440787305575411,0.17169,5.46699102,0.013141805336538461,0.17169,-0.15938,0.021592,0
0.06555184129126555,0.004297043896675267,0.06719259765979411,0.20486,6.13936633,0.014758092139423076,0.20486,-0.20131,0.0172105,0
0.06494676766265048,0.004218082629826301,0.06603995212127298,0.21279,4.9779862,0.011966312980769231,0.20027,-0.21279,0.013247,0
0.06376591902228126,0.004066092428756132,0.06514479887507844,0.24992,5.54627063,0.013332381322115385,0.24992,-0.1888,0.017837,0
0.06610072741878639,0.0043693061652926996,0.06719622004998929,0.22843,5.02699164,0.01208411451923077,0.22843,-0.18671,0.016272000000000002,0
0.06582892389038672,0.004333447220566327,0.06708966791972285,0.1888,5.38517296,0.012945127307692308,0.1888,-0.16585,0.016481,0
0.06318907043204981,0.003992858622066552,0.06413823766805678,0.18629,4.57325564,0.01099340298076923,0.18629,-0.16147,0.014916,0
0.059570479114863135,0.003548641981974345,0.060453071229516465,0.22989,4.281604880000001,0.010292319423076925,0.22989,-0.1696,0.01283,0
0.06494888499799126,0.004218357662482294,0.06594344483819733,0.19714,4.746416979999999,0.011409656201923076,0.19714,-0.18191,0.0167935,0
0.06635920520974292,0.0044035441160687715,0.06759801232325045,0.2132,5.35893186,0.012882047740384615,0.20716,-0.2132,0.0164805,0
0.06585624167251687,0.004337044567228949,0.06678775406320549,0.19506,4.624145029999999,0.011115733245192307,0.19506,-0.18901,0.013769,0
0.06460082576899136,0.004173266690035577,0.06594728784261894,0.22864,5.51538322,0.013258132740384617,0.22864,-0.17461,0.0147075,0
0.06356340675971534,0.004040306678901025,0.06422778993558691,0.19693,3.8331261500000005,0.009214245552884616,0.18379,-0.19693,0.014603000000000001,0
0.0656980710835661,0.004316236544101303,0.06682782547175457,0.18671,5.09021029,0.012236082427884615,0.18671,-0.16022,0.011994999999999999,0
0.06786637071172644,0.004605844273581481,0.06870743252475134,0.18984,4.45852278,0.010717602836538461,0.18984,-0.17232,0.015124499999999999,0
0.06413554298718017,0.004113367874260436,0.06514832946458934,0.16335,4.76019182,0.011442768798076923,0.16168,-0.16335,0.0148115,0
0.061319222262009185,0.003760047018817683,0.062473517114167994,0.20903,4.97278058,0.011953799471153846,0.20903,-0.18024,0.0117865,0
0.06520848306081949,0.004252146263093183,0.06623851518130255,0.18984,4.84054265,0.011635919831730769,0.18984,-0.17941,0.0139775,0
0.06865238580052503,0.004713150076104131,0.06948982287597058,0.21049,4.474377479999999,0.010755715096153844,0.18066,-0.21049,0.0075102,0
0.06323444139388162,0.0039985945783962504,0.0646405297427711,0.21717,5.578178530000001,0.013409083004807695,0.21717,-0.20111,0.012308,0
0.06356904762737715,0.0040410238162517445,0.06453055265723075,0.22009,4.61682059,0.01109812641826923,0.20173,-0.22009,0.012726,0
0.06628852604791788,0.004394168685605487,0.06769235311894398,0.21049,5.70520887,0.013714444399038461,0.21049,-0.16794,0.012621,0
0.06133230878735331,0.0037616521011872564,0.0626035626812864,0.17857,5.2216528,0.01255205,0.15125,-0.17857,0.0174195,0
0.06573799286961386,0.0043214837065254025,0.06717718767306403,0.18942,5.75360992,0.013830793076923076,0.18838,-0.18942,0.0139775,0
0.0646337346473791,0.004177519654467814,0.06608943920858804,0.18713,5.738603830000001,0.013794720745192309,0.184,-0.18713,0.014394500000000001,0
0.06580121845744936,0.004329800350484975,0.0672183880595285,0.1961,5.71165641,0.01372994329326923,0.1961,-0.19339,0.0154375,0
0.07129508835244537,0.005082989623182991,0.07234938964073638,0.25409,5.119413,0.012306281249999999,0.25409,-0.18859,0.015333,0
0.06253248101477595,0.003910311181863314,0.06418632131155405,0.21133,6.022275860000001,0.01447662466346154,0.18212,-0.21133,0.017941,0
0.06424827220021566,0.004127840480713004,0.06555952094690379,0.18921,5.42733035,0.0130464671875,0.18921,-0.16606,0.015229,0
0.0653165994128923,0.004266258158864243,0.06669922234687903,0.19047,5.62028321,0.013510296177884617,0.19047,-0.17357,0.0157505,0
0.0618401036812247,0.003824198423304621,0.06300001930062782,0.17628,5.005916750000001,0.01203345372596154,0.17545,-0.17628,0.0117865,0
0.06836772169302466,0.004674145369494875,0.06917177255212671,0.1817,4.3747053000000005,0.010516118509615386,0.18004,-0.1817,0.0168975,0
0.06373200935938438,0.004061769016984658,0.06497351576411568,0.20027,5.2585548499999994,0.012640756850961537,0.1694,-0.20027,0.014603,0
0.06775071746371192,0.004590159716847719,0.06852307234104292,0.23177,4.26783818,0.01025922639423077,0.23177,-0.1815,0.0116825,0
0.06563836145680924,0.004308394494734741,0.06720247654031736,0.1815,5.996439909999999,0.014414519014423076,0.1815,-0.16084,0.0154375,0
0.0642377673153789,0.004126490749664763,0.06547383934244161,0.18483,5.267501150000001,0.012662262379807694,0.18483,-0.17816,0.019609500000000002,0
0.06463987852181166,0.004178313895314568,0.06601798202186877,0.20027,5.58215665,0.013418645793269231,0.19151,-0.20027,0.015646,0
0.06400383344044429,0.004096490695072134,0.06512022263707315,0.19798,4.99464612,0.012006360865384615,0.19798,-0.16773,0.015542,0
0.06460705640866475,0.004174071737792389,0.06563639824039492,0.21675,4.816716609999999,0.011578645697115383,0.21675,-0.1696,0.010639,0
0.06529385493018451,0.004263287491643981,0.06593373922681775,0.20674,3.8120329,0.009163540625000001,0.16481,-0.20674,0.01429,0
0.059950624756178336,0.003594077408656103,0.06102660625308712,0.18859,4.7462165800000005,0.011409174471153848,0.18859,-0.18859,0.010535,0
0.06638855407806335,0.004407440112575941,0.066927694303577,0.18546,3.52683986,0.008477980432692307,0.18546,-0.18087,0.014498500000000001,0
0.0655686745235374,0.004299251078773583,0.06628349481268264,0.21571,4.038642449999999,0.009708275120192306,0.21571,-0.18483,0.015229,0
0.06512256461910229,0.004240948422569154,0.06599948724158215,0.23845,4.46079059,0.010723054302884616,0.23845,-0.19464,0.010639,0
0.0651700767803977,0.004247138907562932,0.06581383148636608,0.20486,3.81999251,0.009182674302884615,0.17315,-0.20486,0.013351499999999999,0
0.06066752900976584,0.0036805490761507792,0.061436135903325015,0.18087,4.03004428,0.009687606442307694,0.15646,-0.18087,0.0140815,0
0.06337894846397034,0.0040168911083986085,0.06398296540685972,0.17795,3.6486959900000002,0.008770903822115384,0.17795,-0.14582,0.0109525,0
0.06518795893532915,0.00424946999015416,0.06581920714605725,0.18191,3.7830400299999996,0.009093846225961537,0.15417,-0.18191,0.0131425,0
0.06386493337512879,0.00407872971500964,0.06479064297677754,0.21237,4.53988678,0.010913189375,0.18629,-0.21237,0.0136645,0
0.06715181893242862,0.004509366785933678,0.06800559725409158,0.22989,4.46874767,0.010742181899038462,0.22989,-0.16251,0.0065714,0
0.06702330380298856,0.004492123252667701,0.06806184076395898,0.20361,4.92728979,0.011844446610576922,0.20361,-0.18233,0.012204,0
0.0656919633639921,0.004315434050616082,0.0668049915404777,0.21884,5.05183734,0.012143839759615385,0.19067,-0.21884,0.015959,0
0.062332186885587296,0.0038853015219397808,0.06320613240848744,0.19193,4.35736225,0.010474428485576923,0.19193,-0.17002,0.0161675,0
0.06744853402546895,0.004549304742184843,0.06873285005966029,0.22927,5.50158915,0.01322497391826923,0.20215,-0.22927,0.0167935,0
0.06752070164182485,0.0045590451502043276,0.06844173073742739,0.20486,4.655212049999999,0.011190413581730767,0.20486,-0.18066,0.010430499999999999,0
0.06956920642469469,0.004839874482561781,0.07084068813819767,0.23532,5.558367359999999,0.013361459999999999,0.18796,-0.23532,0.019401,0
0.06383316531834123,0.004074672994558681,0.06511805514806539,0.18734,5.3547476,0.012871989423076923,0.1744,-0.18734,0.0137685,0
0.06316701586049736,0.003990071892720324,0.0640738312495929,0.17983,4.46854409,0.01074169252403846,0.17399,-0.17983,0.0098049,0
0.06599312716038687,0.004355092832406992,0.06680175215659165,0.19631,4.310797040000001,0.010362492884615385,0.19631,-0.17774,0.0124125,0
0.06590937353886483,0.004344045520285615,0.06668426980319205,0.20131,4.21673653,0.010136385889423078,0.1694,-0.20131,0.0167935,0
0.06182323353631605,0.003822112204885874,0.0625865775961545,0.22551,4.05397262,0.009745126490384615,0.19964,-0.22551,0.0097006,0
0.06644323849039414,0.004414703941091393,0.06731685127314943,0.19234,4.49692968,0.010809927115384615,0.19234,-0.17753,0.014186,0
0.06572064164771951,0.004319202738587965,0.06635618901175111,0.2422,3.8113656099999997,0.009161936562499999,0.2422,-0.20006,0.010013649999999999,0
0.06987800808255605,0.00488293601358577,0.07080320734325435,0.25263,4.746014110000001,0.01140868776442308,0.25263,-0.19756,0.00980515,0
0.06518435427612969,0.004249000042395986,0.06606495049850811,0.19818,4.47229297,0.010750704254807692,0.18608,-0.19818,0.012934,0
0.061662438010042474,0.003802256261342331,0.06267807024318135,0.19693,4.674852230000001,0.011237625552884618,0.19276,-0.19693,0.014915999999999999,0
0.06871472651870779,0.004721713640540804,0.07010562336823134,0.19902,5.780526009999999,0.013895495216346152,0.19902,-0.14833,0.013873,0
0.06106376940139216,0.003728783933506397,0.06235487471538955,0.21571,5.25127244,0.012623251057692308,0.19985,-0.21571,0.0147075,0
0.06683784941159251,0.004467298113966719,0.06791451130246874,0.1961,5.0107322,0.012045029326923076,0.1961,-0.18608,0.0140815,0
0.06586061362995616,0.004337620427714367,0.06695463299416032,0.20987,5.01452501,0.012054146658653845,0.1865,-0.20987,0.01356,0
0.06449542417685061,0.004159659739751887,0.06557409761381885,0.19005,4.927493889999999,0.01184493723557692,0.19005,-0.15354,0.014603000000000001,0
0.06747577133473923,0.004552979717218016,0.0686427065494222,0.18379,5.242944319999999,0.012603231538461537,0.18379,-0.17691,0.0071972,0
0.06540722613113628,0.004278105230169596,0.06663684101470162,0.21613,5.300750130000001,0.012742187812500002,0.21613,-0.16501,0.011369500000000001,0
0.06079454160685819,0.0036959762891880113,0.0619246024709374,0.17315,4.89892067,0.011776251610576922,0.17315,-0.15584,0.016376,0
0.061763810513684514,0.0038147682891703253,0.06333037599166749,0.1719,5.82352803,0.01399886545673077,0.1719,-0.16251,0.016585,0
0.06390441717318722,0.004083774534244745,0.06517634293049968,0.22614,5.3303407,0.012813318990384615,0.22614,-0.18859,0.013873,0
0.0650609482344471,0.004232926985165405,0.06666006610009804,0.19693,6.03755502,0.014513353413461539,0.18296,-0.19693,0.017628,0
0.06334216181540336,0.004012229463448745,0.06489516744247062,0.20716,5.87066201,0.014112168293269231,0.20716,-0.18963,0.011994999999999999,0
0.06564154648021922,0.004308812624314781,0.06717944971886025,0.21613,5.9455386,0.014292160096153845,0.21613,-0.1671,0.0158545,0
0.06743473957255802,0.004547444101218722,0.06863295148291679,0.18525,5.31175034,0.012768630625,0.18525,-0.1815,0.016272000000000002,0
0.06453611851051774,0.0041649105924035906,0.06592290456720167,0.20757,5.59545136,0.013450604230769232,0.17023,-0.20757,0.015855,0
0.0648263204821881,0.00420245182725936,0.06601048215676182,0.18004,5.17802082,0.012447165432692309,0.18004,-0.16272,0.011891,0
0.06442002870356187,0.004149940098167734,0.0656438106325436,0.21216,5.2483602000000005,0.012616250480769232,0.17148,-0.21216,0.013351499999999999,0
0.06867583829153003,0.004716370765044381,0.06977592869178756,0.20799,5.134010699999999,0.012341371874999998,0.20799,-0.19756,0.0130385,0
0.060737017170933556,0.003688985254822278,0.06188768476282789,0.16439,4.94148241,0.011878563485576922,0.16189,-0.16439,0.011890999999999999,0
0.06455601326012124,0.00416747884804095,0.06591166640897794,0.19047,5.53247033,0.01329920752403846,0.19047,-0.17816,0.014186,0
0.06198218298124216,0.0038417910071201857,0.06299895075750656,0.18045,4.689499,0.011272834134615384,0.18045,-0.1623,0.011891,0
0.06544006438468891,0.00428240202667223,0.06660836256811727,0.19735,5.166980199999999,0.01242062548076923,0.17044,-0.19735,0.017315,0
0.06818479396401013,0.004649166127914513,0.06900624336880735,0.19443,4.4161784100000006,0.010615813485576924,0.19213,-0.19443,0.012204,0
0.06143402689768925,0.003774139660866006,0.06216099350529729,0.22843,3.94322037,0.009478895120192309,0.22843,-0.18775,0.0085532,0
0.06472514206167651,0.004189344014904207,0.06550693130262492,0.17232,4.19756232,0.01009029403846154,0.17232,-0.15813,0.0106395,0
0.06860900464327034,0.004707195518140291,0.06907367112717885,0.23678,3.32738959,0.00799853266826923,0.23678,-0.22927,0.01502,0
0.067109243440465,0.0045036505551515945,0.06823514088337086,0.20736,5.13526509,0.012344387235576923,0.20736,-0.18024,0.015125,0
0.06857269040414127,0.004702213869262208,0.0694552205624048,0.21571,4.59136232,0.011036928653846154,0.21571,-0.18483,0.016689,0
0.06318941467255815,0.003992902126660507,0.06438747281783218,0.22551,5.14302079,0.012363030745192306,0.22551,-0.20423,0.0110565,0
0.06482867976410697,0.004202757719957133,0.0659955740642651,0.17774,5.13988288,0.012355487692307692,0.17774,-0.17023,0.014186,0
0.06600166994863083,0.004356220436007998,0.06730093448190315,0.2082,5.47471404,0.013160370288461539,0.2082,-0.17106,0.0156465,0
0.06240893126960606,0.0038948747022144133,0.06340506909512021,0.22948,4.65712111,0.01119500266826923,0.19005,-0.22948,0.013351,0
0.06623557907328483,0.004387151935173366,0.06752916768698952,0.19234,5.472203739999999,0.013154335913461537,0.19234,-0.16856,0.018254,0
0.06620645469586911,0.004383294643396169,0.067045249684542,0.19276,4.398024360000001,0.010572173942307694,0.19276,-0.15813,0.0141855,0
0.06669168989967468,0.00444778150167437,0.06805406213116533,0.20862,5.636360509999999,0.013548943533653844,0.18483,-0.20862,0.015124499999999999,0
0.06423469301916078,0.004126095787265822,0.06510730997856182,0.26202,4.4195184,0.010623842307692309,0.26202,-0.19443,0.0110565,0
0.059072994086704085,0.003489618630367776,0.06003638487809648,0.18233,4.45622957,0.010712090312499999,0.1694,-0.18233,0.0098049,0
0.06364654523627584,0.0040508827205133074,0.06475657866485719,0.21508,4.9664853,0.011938666586538462,0.20653,-0.21508,0.014603,0
0.06759281642097964,0.004568788831720254,0.0686197923596524,0.26724,4.92019279,0.011827386514423076,0.26724,-0.18525,0.015855,0
0.06485091315872046,0.004205640937519904,0.06628396339237563,0.19151,5.70273438,0.01370849610576923,0.19151,-0.17378,0.01429,0
0.06490568936295756,0.004212748511680742,0.06639023127676907,0.19443,5.80784716,0.013961171057692307,0.19443,-0.15041,0.015855,0
0.06499362775031876,0.004224171648147005,0.06624637377151149,0.18713,5.334060780000001,0.012822261490384616,0.18713,-0.17211,0.011890999999999999,0
0.06694854065716768,0.004482107096124434,0.06811684180872983,0.21049,5.22567937,0.012561729254807693,0.18004,-0.21049,0.0188795,0
0.06369245350152858,0.004056728633044381,0.06489194264847205,0.20716,5.166371440000001,0.012419162115384618,0.20716,-0.16251,0.011682,0
0.06327398469014878,0.0040035971385691815,0.06416924579706944,0.19923,4.44351423,0.010681524591346154,0.19923,-0.15959,0.0160635,0
0.0660585923150205,0.004363737618642084,0.06769987462776848,0.21028,6.163758530000001,0.014816727235576924,0.18963,-0.21028,0.0154375,0
0.06516439800546757,0.004246398767414985,0.06606388222837109,0.19631,4.5196398,0.01086451875,0.19631,-0.18004,0.0136645,0
0.06802520182837392,0.004627428083791006,0.06985413542636716,0.22155,6.60605056,0.01587992923076923,0.22155,-0.20361,0.017732499999999998,0
0.06387526829570465,0.004080049899848252,0.06506631677791057,0.19088,5.155307240000001,0.012392565480769233,0.19088,-0.18108,0.0137685,0
0.06691131888965775,0.00447712459555347,0.06862484069467063,0.2737,6.33965663,0.01523955920673077,0.23469,-0.2737,0.0199225,0
0.06295350271368948,0.0039631435039225085,0.06436832099376387,0.19693,5.58335301,0.013421521658653845,0.19693,-0.16355,0.012621,0
0.06436249368572612,0.004142530593445135,0.06600702339872785,0.19276,6.091191050000001,0.014642286177884618,0.18212,-0.19276,0.0171065,0
0.061825581331869425,0.0038224025070236014,0.06320281099305645,0.18254,5.45884594,0.013122225817307692,0.17983,-0.18254,0.00959655,0
0.06253213671743224,0.003910268122447638,0.06441396759239015,0.1986,6.4297385600000005,0.015456102307692308,0.1986,-0.14207,0.014498500000000001,0
0.06573820040972228,0.00432151099310881,0.06737682021827993,0.19151,6.143925810000001,0.014769052427884618,0.19151,-0.16773,0.01961,0
0.06775364445960472,0.004590556337558525,0.07043955943262326,0.21404,8.014617560000001,0.01926590759615385,0.19985,-0.21404,0.022530500000000002,0
0.06521145814414511,0.00425253427328559,0.0674175810643545,0.22676,7.11586165,0.01710543665865385,0.22676,-0.16481,0.017941,0
0.06525685289870098,0.004258456850242698,0.06737532847474008,0.184,6.9731581899999995,0.016762399495192308,0.184,-0.15959,0.0210705,0
0.06059354132028782,0.0036715772497334267,0.06286773733994921,0.16877,6.9706401499999995,0.016756346514423075,0.15709,-0.16877,0.0181495,0
0.06456482099875112,0.004168616110600773,0.06631564111750647,0.20277,6.2972582599999996,0.015137640048076922,0.20277,-0.19276,0.010326499999999999,0
0.06325187868957763,0.004000800157761044,0.06511476589763457,0.21154,6.4329874700000005,0.015463912187500001,0.17002,-0.21154,0.020236,0
0.059662008081338945,0.0035595552082977534,0.061408757621226565,0.20027,6.04962276,0.014542362403846154,0.19547,-0.20027,0.014707000000000001,0
0.06624595647613708,0.004388526749438248,0.06744468328432744,0.21133,5.2662799300000005,0.012659326754807694,0.21133,-0.19631,0.012934,0
0.06611242715112213,0.00437085302381243,0.06689704269909015,0.17941,4.24974691,0.010215737764423076,0.17941,-0.16501,0.0097006,0
0.06423738354145167,0.004126441444251566,0.06540961168538227,0.20257,5.12838511,0.012327848822115385,0.20257,-0.14833,0.0153335,0
0.060717082318173736,0.0036865640852318856,0.06168960769748025,0.1573,4.53885574,0.010910710913461538,0.1573,-0.14979,0.013456,0
0.06227816580931246,0.0038785699365722157,0.06372385727300922,0.1696,5.61461392,0.013496668076923077,0.1696,-0.14165,0.0185665,0
0.06721101382241015,0.0045173203790362096,0.06819537816557485,0.18755,4.80275962,0.011545095240384615,0.17962,-0.18755,0.012934,0
0.06199694301224257,0.0038436209428632526,0.06360604029512863,0.19088,5.91404274,0.014216448894230769,0.19088,-0.16022,0.016898,0
0.06523833368841439,0.0042560401824409035,0.06638221733722308,0.22259,5.104416560000001,0.012270232115384617,0.20423,-0.22259,0.010535,0
0.06403629816852487,0.00410064748312822,0.06538522618774766,0.19464,5.49656001,0.013212884639423076,0.19026,-0.19464,0.014603,0
0.0641959950440811,0.0041211257796996865,0.06542001073953423,0.18671,5.239817260000001,0.012595714567307693,0.18671,-0.18588,0.0174195,0
0.06422775195975705,0.004125204121804075,0.0654950685630273,0.17878,5.333890360000001,0.012821851826923079,0.17878,-0.16731,0.01356,0
0.06423852657430595,0.004126588296437813,0.0653349347699545,0.17899,4.9583536299999995,0.011919119302884614,0.1696,-0.17899,0.012204,0
0.06439916695760559,0.004147252704833558,0.06576772260781587,0.2397,5.5523243099999995,0.013346933437499998,0.15938,-0.2397,0.0156465,0
0.06300599812684841,0.003969755799960425,0.06407042198646389,0.20716,4.8381922,0.011630269711538462,0.20716,-0.16919,0.014394,0
0.0679975774832906,0.004623670543596109,0.06934971718845069,0.23886,5.66910066,0.013627645817307691,0.23886,-0.21487,0.0117865,0
0.06488714190101522,0.004210341184082485,0.06600232406262838,0.19485,5.0259548800000005,0.01208162230769231,0.19485,-0.17336,0.0121,0
0.0663301917885112,0.004399694342700678,0.06734591514887442,0.22989,4.847389809999999,0.011652379350961537,0.22989,-0.16981,0.00970085,0
0.06678972014223801,0.0044608667166784735,0.06817979615915183,0.19985,5.698105050000001,0.013697367908653847,0.17086,-0.19985,0.017002,0
0.06579564654645612,0.004329067104466183,0.06684917525198801,0.22656,4.91769588,0.011821384326923078,0.1696,-0.22656,0.0130385,0
0.06040566859294405,0.0036488447981605876,0.0621321267648883,0.17086,6.05071075,0.014544977764423078,0.16522,-0.17086,0.0184625,0
0.06125151962079958,0.003751748655857196,0.06300505296736661,0.17545,6.140589,0.01476103125,0.17545,-0.15834,0.0171065,0
0.06927653463849323,0.004799238251518352,0.07044235616059916,0.19568,5.30929589,0.012762730504807692,0.19568,-0.15938,0.01429,0
0.06824478968756922,0.004657351319500555,0.06990134721982309,0.27516,6.293119300000001,0.015127690625000002,0.27516,-0.16126,0.016063,0
0.06530953765442203,0.004265335708634369,0.06670862706270098,0.2228,5.653701959999999,0.01359062971153846,0.2228,-0.20152,0.014916,0
0.06238569065357677,0.0038919743983237757,0.06408141655786122,0.19818,6.09200078,0.01464423264423077,0.16585,-0.19818,0.016481,0
0.06112902407798762,0.0037367575847271906,0.06260919523446686,0.19276,5.62990712,0.013533430576923078,0.19276,-0.18588,0.018984,0
0.06536413621252526,0.004272470302809557,0.0670947877171009,0.21425,6.2985235,0.015140681490384614,0.17753,-0.21425,0.0184625,0
0.06689056220799006,0.004474347312500988,0.06865211433121565,0.2009,6.42804796,0.015452038365384614,0.16293,-0.2009,0.0160635,0
0.060735236963625344,0.0036887690090277223,0.0627704507591101,0.19005,6.59541046,0.015854352067307693,0.17503,-0.19005,0.018254,0
0.06769905281423738,0.004583161751944903,0.06924772385343812,0.2155,5.16992031,0.014563155802816903,0.1938,-0.2155,0.016481,0
